<annotation>
  <folder>Dog</folder>
  <filename>000256419f7c57d8.jpg</filename>
  <path>/home/dsl001/DLCV/data/OIDv4_ToolKit/OID/Dataset/train/Dog/000256419f7c57d8.jpg</path>
  <source>
    <database>Unknown</database>
  </source>
  <size>
    <width>1024</width>
    <height>768</height>
    <depth>3</depth>
  </size>
  <segmented>0</segmented>
  <object>
    <name>Dog</name>
    <pose>Unspecified</pose>
    <truncated>0</truncated>
    <difficult>0</difficult>
    <bndbox>
      <xmin>195</xmin>
      <ymin>407</ymin>
      <xmax>308</xmax>
      <ymax>499</ymax>
    </bndbox>
  </object>
  <object>
    <name>Dog</name>
    <pose>Unspecified</pose>
    <truncated>0</truncated>
    <difficult>0</difficult>
    <bndbox>
      <xmin>461</xmin>
      <ymin>373</ymin>
      <xmax>576</xmax>
      <ymax>460</ymax>
    </bndbox>
  </object>
  <object>
    <name>Dog</name>
    <pose>Unspecified</pose>
    <truncated>0</truncated>
    <difficult>0</difficult>
    <bndbox>
      <xmin>572</xmin>
      <ymin>396</ymin>
      <xmax>630</xmax>
      <ymax>455</ymax>
    </bndbox>
  </object>
  <object>
    <name>Dog</name>
    <pose>Unspecified</pose>
    <truncated>0</truncated>
    <difficult>0</difficult>
    <bndbox>
      <xmin>700</xmin>
      <ymin>381</ymin>
      <xmax>728</xmax>
      <ymax>447</ymax>
    </bndbox>
  </object>
  <object>
    <name>Dog</name>
    <pose>Unspecified</pose>
    <truncated>0</truncated>
    <difficult>0</difficult>
    <bndbox>
      <xmin>735</xmin>
      <ymin>367</ymin>
      <xmax>768</xmax>
      <ymax>424</ymax>
    </bndbox>
  </object>
  <object>
    <name>Dog</name>
    <pose>Unspecified</pose>
    <truncated>0</truncated>
    <difficult>0</difficult>
    <bndbox>
      <xmin>824</xmin>
      <ymin>365</ymin>
      <xmax>866</xmax>
      <ymax>488</ymax>
    </bndbox>
  </object>
  <object>
    <name>Dog</name>
    <pose>Unspecified</pose>
    <truncated>0</truncated>
    <difficult>0</difficult>
    <bndbox>
      <xmin>867</xmin>
      <ymin>371</ymin>
      <xmax>891</xmax>
      <ymax>438</ymax>
    </bndbox>
  </object>
  <object>
    <name>Dog</name>
    <pose>Unspecified</pose>
    <truncated>0</truncated>
    <difficult>0</difficult>
    <bndbox>
      <xmin>913</xmin>
      <ymin>372</ymin>
      <xmax>999</xmax>
      <ymax>444</ymax>
    </bndbox>
  </object>
</annotation>
