<annotation>
  <folder>Dog</folder>
  <filename>0002c6ace3fef696.jpg</filename>
  <path>/home/dsl001/DLCV/data/OIDv4_ToolKit/OID/Dataset/train/Dog/0002c6ace3fef696.jpg</path>
  <source>
    <database>Unknown</database>
  </source>
  <size>
    <width>1024</width>
    <height>683</height>
    <depth>3</depth>
  </size>
  <segmented>0</segmented>
  <object>
    <name>Dog</name>
    <pose>Unspecified</pose>
    <truncated>0</truncated>
    <difficult>0</difficult>
    <bndbox>
      <xmin>385</xmin>
      <ymin>149</ymin>
      <xmax>1023</xmax>
      <ymax>550</ymax>
    </bndbox>
  </object>
</annotation>
