<annotation>
	<folder>&#44221;&#51456;</folder>
	<filename>Dog_face_1.jpg</filename>
	<path>C:\Users\gyeon\Desktop\&#44221;&#51456;\Dog face_1.jpg</path>
	<source>
		<database>Unknown</database>
	</source>
	<size>
		<width>224</width>
		<height>224</height>
		<depth>3</depth>
	</size>
	<segmented>0</segmented>
	<object>
		<name>Dog face</name>
		<pose>Unspecified</pose>
		<truncated>0</truncated>
		<difficult>0</difficult>
		<bndbox>
			<xmin>32</xmin>
			<ymin>20</ymin>
			<xmax>198</xmax>
			<ymax>178</ymax>
		</bndbox>
	</object>
</annotation>