<annotation>
	<folder>&#44221;&#51456;</folder>
	<filename>Dog_face_100.jpg</filename>
	<path>C:\Users\gyeon\Desktop\&#44221;&#51456;\Dog face_1091.jpg</path>
	<source>
		<database>Unknown</database>
	</source>
	<size>
		<width>1024</width>
		<height>683</height>
		<depth>3</depth>
	</size>
	<segmented>0</segmented>
	<object>
		<name>Dog face</name>
		<pose>Unspecified</pose>
		<truncated>0</truncated>
		<difficult>0</difficult>
		<bndbox>
			<xmin>104</xmin>
			<ymin>152</ymin>
			<xmax>727</xmax>
			<ymax>598</ymax>
		</bndbox>
	</object>
</annotation>